<?xml version="1.0" encoding="UTF-8"?>
<project>
	<grafcet type="normal" owner="" name="GCMMA" comment="Exemple issu de la norme CEI 60848">
		<sequence id="1" />
		<sequence id="2">
			<step type="normal" name="XA6">
				<action type="normal">
					<text>VCM</text>
					<comment>"Marche manuelle et mise en référence"</comment>
				</action>
			</step>
		</sequence>
		<sequence id="3" />
		<sequence id="4">
			<transition>
				<condition><re />SManu</condition>
			</transition>
		</sequence>
		<sequence id="5">
			<transition>
				<condition>BPAU</condition>
			</transition>
		</sequence>
		<sequence id="6">
			<transition>
				<condition>z . S0 . <re />SAuto</condition>
			</transition>
			<step type="enclosing" name="XF1">
				<comment>"Marche automatique"</comment>
			</step>
		</sequence>
		<sequence id="7">
			<transition>
				<condition>BPAU</condition>
			</transition>
		</sequence>
		<sequence id="8">
			<step type="initial" name="XD1">
				<comment>"Arrêt de sécurité"</comment>
			</step>
			<transition>
				<condition><cpl>BPAU</cpl> . <re />SManu</condition>
			</transition>
		</sequence>
		<sequence id="9" />
		<hlink type="conv or" seqid="2">
			<node seqid="3" />
			<node seqid="8" />
		</hlink>
		<hlink type="div or" seqid="6">
			<node seqid="4" />
			<node seqid="5" />
		</hlink>
		<hlink type="div or" seqid="2">
			<node seqid="6" />
			<node seqid="7" />
		</hlink>
		<hlink type="conv or" seqid="8">
			<node seqid="1" />
			<node seqid="9" />
		</hlink>
		<jump seqid_from="4" seqid_to="3" />
		<jump seqid_from="7" seqid_to="1" />
		<jump seqid_from="5" seqid_to="9" />
	</grafcet>
	<grafcet type="enclosure" owner="XF1" name="GM" comment="Exemple issu de la norme CEI 60848">
		<sequence id="1">
			<step type="normal" name="X0" activation_link="true">
				<comment>"Arrêt fin de cycle"</comment>
			</step>
			<transition>
				<condition><re />DCy</condition>
			</transition>
			<step type="enclosing" name="X1">
				<comment>"En cycle"</comment>
			</step>
			<transition>
				<condition>X44</condition>
			</transition>
		</sequence>
		<jump seqid_from="1" seqid_to="1" />
	</grafcet>
	<grafcet type="enclosure" owner="X1" name="GDosage" comment="Exemple issu de la norme CEI 60848">
		<sequence id="1">
			<step type="normal" name="X20" activation_link="true">
				<action type="normal">
					<text>VA</text>
					<comment>"Dosage produit A"</comment>
				</action>
			</step>
			<transition>
				<condition>a</condition>
			</transition>
			<step type="normal" name="X21">
				<action type="normal">
					<text>VB</text>
					<comment>"Dosage produit B"</comment>
				</action>
			</step>
			<transition>
				<condition>b</condition>
			</transition>
			<step type="normal" name="X22">
				<action type="normal">
					<text>VC</text>
					<comment>"Vidange bascule"</comment>
				</action>
			</step>
			<transition>
				<condition>z</condition>
			</transition>
			<step type="normal" name="X23" />
		</sequence>
	</grafcet>
	<grafcet type="enclosure" owner="X1" name="GAmenage" comment="Exemple issu de la norme CEI 60848">
		<sequence id="1">
			<step type="normal" name="X30" activation_link="true">
				<action type="normal">
					<text>MT</text>
					<comment>"Attente d'une briquette"</comment>
				</action>
			</step>
			<transition>
				<condition>DP</condition>
			</transition>
			<step type="normal" name="X31">
				<action type="normal">
					<text>MT</text>
					<comment>"Passage de la première briquette"</comment>
				</action>
			</step>
			<transition>
				<condition><cpl>DP</cpl></condition>
			</transition>
			<step type="normal" name="X32">
				<action type="normal">
					<text>MT</text>
					<comment>"Première briquette passée"</comment>
				</action>
			</step>
			<transition>
				<condition>DP</condition>
			</transition>
			<step type="normal" name="X33" />
		</sequence>
	</grafcet>
	<grafcet type="enclosure" owner="X1" name="GMalaxage" comment="Exemple issu de la norme CEI 60848">
		<sequence id="1">
			<step type="normal" name="X40" activation_link="true" />
			<transition>
				<condition>X23 . X33</condition>
			</transition>
			<step type="normal" name="X41">
				<action type="normal">
					<text>MR</text>
					<comment>"Rotation malaxeur"</comment>
				</action>
			</step>
			<transition>
				<condition>t1 / X41</condition>
			</transition>
			<step type="normal" name="X42">
				<action type="normal">
					<text>MR</text>
				</action>
				<action type="normal">
					<text>MP+</text>
					<comment>"Vidange malaxeur"</comment>
				</action>
			</step>
			<transition>
				<condition>S1</condition>
			</transition>
			<step type="normal" name="X43">
				<action type="normal">
					<text>MP-</text>
					<comment>"Remontée malaxeur"</comment>
				</action>
			</step>
			<transition>
				<condition>S0</condition>
			</transition>
			<step type="normal" name="X44" />
		</sequence>
	</grafcet>
</project>
